name;sub_category
Business / Finance;"{""name"":""Careers""}"
Business / Finance;"{""name"":""Debt""}"
Business / Finance;"{""name"":""Economic""}"
Business / Finance;"{""name"":""Entrepreneurship""}"
Business / Finance;"{""name"":""Foreign Exchange""}"
Business / Finance;"{""name"":""General""}"
Business / Finance;"{""name"":""Management""}"
Business / Finance;"{""name"":""Outsourcing""}"
Business / Finance;"{""name"":""Personal Finance""}"
Business / Finance;"{""name"":""Real Estate""}"
Business / Finance;"{""name"":""Sales And Marketing""}"
Business / Finance;"{""name"":""Small Business""}"
Business / Finance;"{""name"":""Stocks And Trading""}"
Business / Finance;"{""name"":""World Wide Business""}"
Cooking / Food;"{""name"":""Baking""}"
Cooking / Food;"{""name"":""Barbeque""}"
Cooking / Food;"{""name"":""Diets Recipes""}"
Cooking / Food;"{""name"":""General""}"
Cooking / Food;"{""name"":""Special Dinners""}"
Cooking / Food;"{""name"":""Vegan""}"
Cooking / Food;"{""name"":""Vegetables""}"
Cooking / Food;"{""name"":""Vegetarian""}"
Cooking / Food;"{""name"":""Wine/Beer Making""}"
Education;"{""name"":""General""}"
Education;"{""name"":""School Materials""}"
Education;"{""name"":""Student Loans""}"
Education;"{""name"":""Test Guides/Examples""}"
Employment;"{""name"":""Cover Sheets and Resumes""}"
Employment;"{""name"":""General""}"
Employment;"{""name"":""Job Listings""}"
Employment;"{""name"":""Job Skills""}"
Entertainment;"{""name"":""Art""}"
Entertainment;"{""name"":""Comedy""}"
Entertainment;"{""name"":""Dance""}"
Entertainment;"{""name"":""Fashion and Design""}"
Entertainment;"{""name"":""General""}"
Entertainment;"{""name"":""Magic""}"
Entertainment;"{""name"":""Movies And Television""}"
Entertainment;"{""name"":""Music""}"
Entertainment;"{""name"":""Photography And Images""}"
Entertainment;"{""name"":""Radio""}"
Entertainment;"{""name"":""Tattoos and Body Art""}"
Entertainment;"{""name"":""Theater""}"
Foreign Languages;"{""name"":""General""}"
Green Solutions;"{""name"":""Alternative Energy""}"
Green Solutions;"{""name"":""General""}"
Health / Fitness;"{""name"":""Addiction Solutions""}"
Health / Fitness;"{""name"":""Beauty""}"
Health / Fitness;"{""name"":""Dental""}"
Health / Fitness;"{""name"":""Diets And Weight Loss""}"
Health / Fitness;"{""name"":""Exercise""}"
Health / Fitness;"{""name"":""General""}"
Health / Fitness;"{""name"":""Health For Men""}"
Health / Fitness;"{""name"":""Meditation""}"
Health / Fitness;"{""name"":""Mental Health""}"
Health / Fitness;"{""name"":""Nutrition""}"
Health / Fitness;"{""name"":""Remedies""}"
Health / Fitness;"{""name"":""Sleep/Dreams""}"
Health / Fitness;"{""name"":""Spiritual""}"
Health / Fitness;"{""name"":""Weight Gain""}"
Health / Fitness;"{""name"":""Womens Health""}"
Health / Fitness;"{""name"":""Workout Programs""}"
Health / Fitness;"{""name"":""Yoga""}"
Home / Family;"{""name"":""Animals / Pets""}"
Home / Family;"{""name"":""Gardening""}"
Home / Family;"{""name"":""General""}"
Home / Family;"{""name"":""Home Buying / Selling""}"
Home / Family;"{""name"":""Home Improvements""}"
Home / Family;"{""name"":""Interior Decorating""}"
Home / Family;"{""name"":""Sewing""}"
Home / Family;"{""name"":""Wedding Planning""}"
Internet Marketing;"{""name"":""Affiliate Marketing""}"
Internet Marketing;"{""name"":""Article Marketing""}"
Internet Marketing;"{""name"":""Banners/Generators""}"
Internet Marketing;"{""name"":""Blogging""}"
Internet Marketing;"{""name"":""Classifieds""}"
Internet Marketing;"{""name"":""Consulting""}"
Internet Marketing;"{""name"":""Copywriting""}"
Internet Marketing;"{""name"":""Dime Sales/Auctions""}"
Internet Marketing;"{""name"":""Domain Names""}"
Internet Marketing;"{""name"":""Ezine/Solo Adds""}"
Internet Marketing;"{""name"":""General""}"
Internet Marketing;"{""name"":""Market Research""}"
Internet Marketing;"{""name"":""Niche Specific Marketing""}"
Internet Marketing;"{""name"":""PPC/CPC/PPV""}"
Internet Marketing;"{""name"":""SEO""}"
Internet Marketing;"{""name"":""Social Media""}"
Internet Marketing;"{""name"":""Submission Tools""}"
Internet Marketing;"{""name"":""Surveys""}"
Internet Marketing;"{""name"":""Video Marketing""}"
Mobile / Smart Phones;"{""name"":""Apps""}"
Mobile / Smart Phones;"{""name"":""General""}"
Mobile / Smart Phones;"{""name"":""Ring Tones""}"
Mobile / Smart Phones;"{""name"":""Tools""}"
Mobile / Smart Phones;"{""name"":""Video""}"
Parenting / Children / Family;"{""name"":""Behavioral Problems""}"
Parenting / Children / Family;"{""name"":""Divorce""}"
Parenting / Children / Family;"{""name"":""Education""}"
Parenting / Children / Family;"{""name"":""Genealogy""}"
Parenting / Children / Family;"{""name"":""General""}"
Parenting / Children / Family;"{""name"":""Marriage""}"
Parenting / Children / Family;"{""name"":""Parenting""}"
Parenting / Children / Family;"{""name"":""Pregnancy/Birth""}"
Parenting / Children / Family;"{""name"":""Senior Citizens""}"
Parenting / Children / Family;"{""name"":""Special Needs Children/Adults""}"
Publishing / Writing;"{""name"":""Author Branding / PR""}"
Publishing / Writing;"{""name"":""Books""}"
Publishing / Writing;"{""name"":""Coaching""}"
Publishing / Writing;"{""name"":""Done For You""}"
Publishing / Writing;"{""name"":""General""}"
Publishing / Writing;"{""name"":""Kindle""}"
Publishing / Writing;"{""name"":""Marketing""}"
Publishing / Writing;"{""name"":""Masterminds / Forums / Private Groups""}"
Publishing / Writing;"{""name"":""Memberships""}"
Publishing / Writing;"{""name"":""Newsletters/Email""}"
Publishing / Writing;"{""name"":""Offline Seminars / Bootcamps / Meetings""}"
Publishing / Writing;"{""name"":""Plots""}"
Publishing / Writing;"{""name"":""Product Creation""}"
Publishing / Writing;"{""name"":""Promotion""}"
Publishing / Writing;"{""name"":""Research""}"
Publishing / Writing;"{""name"":""Self-Publishing""}"
Publishing / Writing;"{""name"":""Services""}"
Publishing / Writing;"{""name"":""Software/Plugins""}"
Publishing / Writing;"{""name"":""Templates""}"
Publishing / Writing;"{""name"":""Training""}"
Reference Guides;"{""name"":""Financial Aid""}"
Reference Guides;"{""name"":""General""}"
Reference Guides;"{""name"":""Home Schooling""}"
Reference Guides;"{""name"":""Languages""}"
Reference Guides;"{""name"":""Law/Legal""}"
Reference Guides;"{""name"":""Online Education""}"
Reference Guides;"{""name"":""Paranormal""}"
Reference Guides;"{""name"":""Psychic""}"
Reference Guides;"{""name"":""Science""}"
Reference Guides;"{""name"":""Survival""}"
Reference Guides;"{""name"":""Teaching""}"
Self Improvement;"{""name"":""Anger Management""}"
Self Improvement;"{""name"":""Coaching""}"
Self Improvement;"{""name"":""Dating Guides""}"
Self Improvement;"{""name"":""Eating Disorders""}"
Self Improvement;"{""name"":""Finance""}"
Self Improvement;"{""name"":""General""}"
Self Improvement;"{""name"":""Public Speaking""}"
Self Improvement;"{""name"":""Self Defense""}"
Self Improvement;"{""name"":""Stress Management""}"
Self Improvement;"{""name"":""Time Management""}"
Software;"{""name"":""Databases""}"
Software;"{""name"":""Email Clients""}"
Software;"{""name"":""General""}"
Software;"{""name"":""Graphic Design""}"
Software;"{""name"":""Hardware""}"
Software;"{""name"":""Hosting""}"
Software;"{""name"":""Networking Systems""}"
Software;"{""name"":""Operating Systems""}"
Software;"{""name"":""Software Programming""}"
Software;"{""name"":""Systems Admin""}"
Software;"{""name"":""Systems Creation""}"
Software;"{""name"":""Website Design""}"
Spirituality / Beliefs;"{""name"":""Astrology""}"
Spirituality / Beliefs;"{""name"":""General""}"
Spirituality / Beliefs;"{""name"":""Magic""}"
Spirituality / Beliefs;"{""name"":""Numerology""}"
Spirituality / Beliefs;"{""name"":""Paranormal""}"
Spirituality / Beliefs;"{""name"":""Religion""}"
Spirituality / Beliefs;"{""name"":""Witchcraft""}"
Sports;"{""name"":""Baseball""}"
Sports;"{""name"":""Basketball""}"
Sports;"{""name"":""Coaching""}"
Sports;"{""name"":""Cycling""}"
Sports;"{""name"":""Extreme""}"
Sports;"{""name"":""Football""}"
Sports;"{""name"":""General""}"
Sports;"{""name"":""Golf""}"
Sports;"{""name"":""Hockey""}"
Sports;"{""name"":""Martial Arts""}"
Sports;"{""name"":""Running""}"
Sports;"{""name"":""Seasonal Sports""}"
Sports;"{""name"":""Soccer""}"
Sports;"{""name"":""Tennis""}"
Sports;"{""name"":""Training""}"
Sports;"{""name"":""Volleyball""}"
Sports;"{""name"":""Water Sports""}"
Travel;"{""name"":""General""}"
Writing / Speaking;"{""name"":""Article Writing""}"
Writing / Speaking;"{""name"":""Book Writing""}"
Writing / Speaking;"{""name"":""Copywriting""}"
Writing / Speaking;"{""name"":""General""}"
Writing / Speaking;"{""name"":""Public Speaking""}"
Writing / Speaking;"{""name"":""Publishing""}"
Writing / Speaking;"{""name"":""Screen Writing""}"
